{
    "tests": [
      {
        "poll": "You should an Notch creates an game",
        "option1": "Minecraft",
        "option2": "Roblox",
        "requirement": "script.js"
      },
      {
        "poll": "How should uses a Official of minecraft?",
        "option1": "Mojang",
        "option2": "",
        "requirement": "script.js"
      },
      {
        "poll": "You known a Core Studios?",
        "option1": "Yes",
        "option2": "No",
        "requirement": "script.js"
      },
      {
        "poll": "Do you like the Core-API Programming?",
        "option1": "Yes",
        "option2": "No",
        "requirement": "script.js"
      },
      {
        "poll": "Core Studios is it programmer?",
        "option1": "Yes, is are Core-API",
        "option2": "No, is not a programmer",
        "requirement": "script.js"
      }
    ],
    "sources": "{}",
    "skunkplatform": "https://tiktok.com/@skunk.platform"
}